IRIS,total_population,elderly_55_plus,pct_elderly_55,elderly_55_plus_alone,pct_elderly_55_alone
751010101,953.06479928226,264.8273183672437,27.79,135.1447807524583,51.03
751010102,136.916274818899,63.3118967724389,46.24,46.049794939347905,72.73
751010103,292.551531285044,116.57570437475852,39.85,42.361754248895906,36.34
751010104,0.0,0.0,,0.0,
751010105,0.0,0.0,,0.0,
751010199,0.0,0.0,,0.0,
751010201,2018.35810617977,667.218334987835,33.06,318.2617808082441,47.7
751010202,1484.12931955712,413.70010748405423,27.87,220.4610023120671,53.29
751010203,2148.56049740959,672.506091413675,31.3,277.7850646276285,41.31
751010204,1747.72150036666,516.2127358237973,29.54,193.9212200457219,37.57
751010205,0.0,0.0,,0.0,
751010206,507.089065593866,168.3025288986656,33.19,91.6179775922685,54.44
751010301,2263.76877766413,770.596584035672,34.04,317.2543121836792,41.17
751010302,155.061126429484,73.05285950531959,47.11,17.0666983303589,23.36
751010303,255.125291884866,97.7394078426156,38.31,24.1425488893183,24.7
751010401,953.326031275068,410.40858989630766,43.05,151.3823075902194,36.89
751010402,1069.91048723792,468.4992258602251,43.79,219.297690526925,46.81
751020501,793.84765411949,206.8993162996966,26.06,83.0996174895923,40.16
751020502,256.472043710701,91.54504054937581,35.69,39.289956958861296,42.92
751020503,99.6274677739994,21.45368882152126,21.53,5.3913984766619905,25.13
751020601,1394.4717163524,395.9353583368709,28.39,144.9686167117792,36.61
751020602,1218.8158813038,307.8940601863813,25.26,119.6548164169262,38.86
751020701,1522.745650384,429.5859441117604,28.21,178.4821513595562,41.55
751020702,1709.66183093164,364.9843427429942,21.35,147.6690425290204,40.46
751020703,1708.85898272486,376.6647442407523,22.04,153.5956042767829,40.78
751020704,612.963716101581,157.1440143404714,25.64,59.47314466417269,37.85
751020801,1709.68904693794,437.09415156827316,25.57,168.5069846430177,38.55
751020802,1620.74676758215,530.167660968056,32.71,230.3766280398034,43.45
751020803,1695.48738544468,406.22300410635864,23.96,223.423559834386,55.0
751020804,1753.84100612474,357.4141352106477,20.38,203.2971855589607,56.88
751020805,1953.72807036933,443.71778253403215,22.71,183.24921805207023,41.3
751030901,1717.89254243504,526.9453221623633,30.67,219.1592326769507,41.59
751030902,1606.11906237366,273.0164465660442,17.0,143.4636067115851,52.55
751030903,1574.32926212364,491.7515701811755,31.24,193.908057445518,39.43
751030904,1543.57175393477,337.41995494999946,21.86,151.518848521539,44.91
751030905,1429.10402282298,368.8761617882801,25.81,167.8416731026733,45.5
751031001,1744.72297569065,440.7626086093046,25.26,231.38254132814208,52.5
751031002,1799.31688903804,486.5673821457358,27.04,176.36810306151767,36.25
751031003,2147.88410873407,652.0234877844018,30.36,323.86455059254297,49.67
751031004,1666.28392496093,395.4485914573894,23.73,150.8131013069071,38.14
751031101,2026.9161765041,606.231986747435,29.91,237.0413572297566,39.1
751031102,1721.75373384836,732.442260951867,42.54,226.03626946004817,30.86
751031103,1367.76777238298,573.65380500165,41.94,250.6800022830693,43.7
751031104,2259.02362697149,741.005494908504,32.8,334.9102304774441,45.2
751031201,1716.27430558379,525.7868273827307,30.64,209.80218569129292,39.9
751031202,1648.60047099935,652.199190271951,39.56,309.6019254624784,47.47
751031203,1590.91095910709,522.4824231122964,32.84,248.3918709291947,47.54
751031204,1820.95216632612,479.3167940138732,26.32,211.0436960851749,44.03
751041301,1605.09916871272,553.1294068939017,34.46,241.0060334932367,43.57
751041302,2020.09625323288,549.068608075811,27.18,221.5414371633624,40.35
751041303,1506.67015371464,430.3975897873487,28.57,173.8592457906649,40.4
751041304,270.622071577793,83.9048320520032,31.0,30.2504536005899,36.05
751041305,0.0,0.0,,0.0,
751041399,0.0,0.0,,0.0,
751041401,2647.07554694962,1060.367687321798,40.06,547.4463759692969,51.63
751041402,1859.81334789631,580.7107667582095,31.22,247.915565062629,42.69
751041403,2345.0439307352,754.004463789795,32.15,290.7866338533749,38.57
751041404,1647.98432695177,600.478463069253,36.44,235.2315372888053,39.17
751041499,0.0,0.0,,0.0,
751041501,3076.71195409997,985.59622150267,32.03,382.01510792984595,38.76
751041502,1529.17564359217,550.263374660261,35.98,234.71937206461462,42.66
751041503,1694.67238257642,563.021295625706,33.22,202.0470523903648,35.89
751041504,1737.8191031094,546.167069384119,31.43,283.4733741393783,51.9
751041588,0.0,0.0,,0.0,
751041599,0.0,0.0,,0.0,
751041601,2449.77450044739,807.7350605068509,32.97,326.0627241459017,40.37
751041602,522.870829458562,215.2897715248947,41.17,85.3606908460476,39.65
751041603,115.464396751433,28.1595564630144,24.39,3.32272501864085,11.8
751041699,0.0,0.0,,0.0,
751051701,2013.48385352575,674.329506485135,33.49,287.7427477410498,42.67
751051702,1517.18819498004,476.75079780003,31.42,176.03273317196349,36.92
751051703,2188.77858537306,631.699889358198,28.86,249.27035499597952,39.46
751051704,2624.5217872563,832.554231659851,31.72,363.521427091291,43.66
751051705,1864.95948245744,672.939101541695,36.08,261.48545773707497,38.86
751051706,61.4635574287564,17.96662102181416,29.23,2.10459807167252,11.71
751051799,0.0,0.0,,0.0,
751051801,1550.26019010947,559.082232501764,36.06,227.0528998921135,40.61
751051802,2140.80277443592,734.949831406143,34.33,212.7530797383997,28.95
751051803,1743.6722595563,561.7702429691165,32.22,233.1604922031243,41.5
751051804,1740.89115693653,634.322136791645,36.44,261.3699564201511,41.2
751051805,2805.61855182308,1120.841934854734,39.95,481.447777167866,42.95
751051806,1829.96742105935,707.935478126049,38.69,314.6641485923712,44.45
751051807,1820.84271901512,580.3829123569666,31.87,284.0475819348811,48.94
751051808,1218.09254435746,406.1807559473066,33.35,199.3215255110344,49.07
751051809,4.00003171919644,1.00000792979911,25.0,0.0,0.0
751051899,70.3338910625371,7.33339148519344,10.43,0.0,0.0
751051901,2543.41479553653,921.659293856894,36.24,320.2823326790271,34.75
751051902,1523.35193707413,565.2869031706321,37.11,207.1511926623973,36.65
751051903,2029.00504468386,609.482404552266,30.04,241.8271712686806,39.68
751051904,1624.51077982941,473.832205658731,29.17,108.3745231757954,22.87
751051905,2162.62457228545,739.2118623726881,34.18,249.2397707281854,33.72
751051906,1931.63768733736,738.20339313992,38.22,279.1904565901091,37.82
751051907,2097.75026915702,694.5278229523291,33.11,260.2609271678358,37.47
751051908,2612.47610275588,865.549620535526,33.13,339.4041801193865,39.21
751052001,2181.55458237595,598.6261790090941,27.44,286.2804974691309,47.82
751052002,1469.16205069268,481.35629554515583,32.76,151.14777493192042,31.4
751052003,1542.6303929585,495.679456563992,32.13,239.16713173632368,48.25
751052004,2625.28987466948,959.706620134199,36.56,448.647620809471,46.75
751052005,447.643120391486,51.10636355920457,11.42,14.547415417462371,28.46
751052099,0.0,0.0,,0.0,
751062101,1676.23807518702,654.689683686796,39.06,238.62598942496703,36.45
751062102,1880.34622182762,615.745479344703,32.75,301.6410298545694,48.99
751062103,1637.03132756466,663.311787396059,40.52,271.0833884315538,40.87
751062199,0.0,0.0,,0.0,
751062201,1538.96027984246,691.222050622083,44.91,170.11382457052449,24.61
751062202,1241.41723027903,623.1574499387771,50.2,180.57570529557648,28.98
751062203,1972.22662040311,679.32410764201,34.44,240.2400772112149,35.36
751062204,2319.82385113174,805.673333569595,34.73,296.00417301389496,36.74
751062205,0.0,0.0,,0.0,
751062301,1176.38502090893,462.71023701363004,39.33,224.288532419132,48.47
751062302,1465.21001860236,487.5528056114691,33.28,150.3676936135425,30.84
751062303,1764.24818640505,791.789380117479,44.88,226.2346965816169,28.57
751062304,1396.04426233183,606.05413509601,43.41,186.2417084464269,30.73
751062305,2524.02650412212,862.1171687238209,34.16,244.599160993291,28.37
751062306,2143.39771461234,892.6890996152449,41.65,302.337511136663,33.87
751062307,1708.03184092628,589.441602148662,34.51,194.35744931111822,32.97
751062308,2629.15142939332,1114.953825107286,42.41,417.65314791259595,37.46
751062309,2144.34398806006,883.640463891812,41.21,437.515013294092,49.51
751062310,1683.91425725032,707.052061155059,41.99,284.33681756288604,40.21
751062311,1436.04262277975,761.0798396416681,53.0,279.13649074680995,36.68
751062401,1740.42538298848,673.5150847154599,38.7,241.7912395272474,35.9
751062402,2466.74125887261,1040.926070375781,42.2,432.04136668470704,41.51
751062499,0.0,0.0,,0.0,
751072501,1517.02781254021,669.332289980169,44.12,218.4262815090164,32.63
751072502,1246.18891533084,515.107251424745,41.33,162.7412248207599,31.59
751072503,1563.82194199075,754.368303384429,48.24,242.52226266039492,32.15
751072504,1081.48385413403,499.2920969068394,46.17,134.0634509577604,26.85
751072505,1420.81954196436,636.459697940864,44.8,265.6959616330694,41.75
751072506,2124.35072993066,967.144449419437,45.53,378.824933628375,39.17
751072507,0.0,0.0,,0.0,
751072508,4.00001714494528,1.00000428623632,25.0,0.0,0.0
751072599,0.0,0.0,,0.0,
751072601,1691.59433355028,683.549231027233,40.41,254.58535858450438,37.24
751072602,1075.07580926609,526.9767574710335,49.02,146.27153324557872,27.76
751072603,673.584411288652,336.171190043881,49.91,122.3530315802606,36.4
751072604,1001.62816767467,448.3355136080576,44.76,129.6506374445809,28.92
751072605,0.0,0.0,,0.0,
751072606,226.195528185613,125.0089533240368,55.27,2.00000857247264,1.6
751072699,0.0,0.0,,0.0,
751072701,2310.12099934831,883.020994282478,38.22,287.5809822066599,32.57
751072702,1545.93236899558,601.34759574501,38.9,182.45207366917361,30.34
751072703,1421.14803002588,649.501838474519,45.7,190.63570444830802,29.35
751072704,1496.32072428957,592.842227392649,39.62,205.46079035591458,34.66
751072705,1598.86341614499,777.6829771546011,48.64,233.0391789683602,29.97
751072706,1507.18307071397,540.140377093469,35.84,170.2734336386668,31.52
751072707,117.00050148965,9.00003857612688,7.69,0.0,0.0
751072801,1944.2894012863,675.8148657939549,34.76,277.5533405836251,41.07
751072802,1321.46226012553,425.946670297398,32.23,207.588021211713,48.74
751072803,1376.23719078246,445.6379653484916,32.38,192.15532536750737,43.12
751072804,2577.58537378945,836.119154929384,32.44,342.463892197953,40.96
751072805,2614.84417727696,623.168364956826,23.83,282.8616518092832,45.39
751072806,1502.46213279817,705.454801583197,46.95,183.4147927348829,26.0
751072807,1438.61871719559,717.142013423814,49.85,234.77843419221227,32.74
751072808,1288.28686154538,580.676842090527,45.07,188.5907644971632,32.48
751072809,1267.71904357073,557.304315980737,43.96,219.4715974679018,39.38
751072810,2501.33889272227,871.643119509134,34.85,337.57666992713854,38.73
751072811,1420.49658932472,621.705355022124,43.77,182.10126405234772,29.29
751072812,0.0,0.0,,0.0,
751072899,0.0,0.0,,0.0,
751082901,930.447761526315,332.96651737945115,35.79,121.83264142951612,36.59
751082902,470.325821723854,173.7810413217435,36.95,46.821032582792796,26.94
751082903,373.202658900498,120.75699100857891,32.36,55.8156474821415,46.22
751082904,205.613568117561,59.940190676390095,29.15,27.508234159601578,45.89
751082905,298.614550639847,157.86780003501798,52.87,41.0969945938457,26.03
751082906,10.637292935742,5.31864646787098,50.0,0.0,0.0
751082907,0.0,0.0,,0.0,
751082999,0.0,0.0,,0.0,
751083001,1836.97702154195,676.887676514584,36.85,178.9646059804199,26.44
751083002,3092.81119533117,1098.034550300284,35.5,368.5338075424633,33.56
751083003,585.254662656057,204.7951710458928,34.99,80.50834258591959,39.31
751083004,1336.56903694157,425.3746730806226,31.83,143.893208326196,33.83
751083005,1208.98834675352,375.4751762918127,31.06,123.3236500017913,32.84
751083006,296.611007845963,66.2235315961526,22.33,28.43537056271149,42.94
751083101,120.491866807612,46.5370070574338,38.62,25.3661151963471,54.51
751083102,207.767375282012,97.33881869397399,46.85,32.8030268194235,33.7
751083103,721.624864063326,194.877877246478,27.01,50.057984572121384,25.69
751083104,420.315635348596,159.43494261520718,37.93,61.90597839337836,38.83
751083105,1215.97653862906,360.922305221989,29.68,144.2470208407633,39.97
751083106,1127.89205402779,310.71488115760974,27.55,94.0430691055242,30.27
751083107,301.900874274425,139.9121205949878,46.34,70.0431477042998,50.06
751083108,318.724909118753,98.85944892136948,31.02,18.5367009207267,18.75
751083201,1558.9821384438,522.782405252341,33.53,182.3266659478361,34.88
751083202,1439.13274256107,552.9441184344807,38.42,132.8591558375412,24.03
751083203,1282.37782441043,525.808603402484,41.0,161.2514462445484,30.67
751083204,2138.87462685309,648.5881283115118,30.32,132.5093496452,20.43
751083205,2646.24402956674,805.022912077319,30.42,236.38515055756278,29.36
751083206,2396.10213715005,735.761902803274,30.71,231.5351334345992,31.47
751083207,1857.2007230396,609.6692545112862,32.83,225.7760346158867,37.03
751083208,618.839105022866,199.40694675364279,32.22,40.7111394636957,20.42
751083209,698.880504184754,244.8079797566464,35.03,75.9189261523896,31.01
751083210,788.75223280414,257.475865675455,32.64,60.37864268039486,23.45
751093301,1369.89136817362,286.2492468437673,20.9,108.92019853105481,38.05
751093302,1523.02330789078,464.3760605634529,30.49,153.6579390999677,33.09
751093303,1688.24917802246,588.6787256194519,34.87,193.50822078092978,32.87
751093304,2041.86945323613,685.527217250178,33.57,185.7590482856064,27.1
751093305,1920.5752440822,466.989689866593,24.32,127.43282153984241,27.29
751093306,1926.86135768316,616.1607098252371,31.98,216.8285232103583,35.19
751093307,2667.15428763766,721.523267042679,27.05,271.7395363758687,37.66
751093308,1683.3280554125,465.21951724813795,27.64,217.5063456412286,46.75
751093309,1653.13663528263,559.0480810010711,33.82,208.35658932845593,37.27
751093310,1427.1370873196,556.5739027627021,39.0,182.983358170156,32.88
751093311,416.18226445193,75.82567079979393,18.22,35.95976799433752,47.42
751093401,118.821261297468,15.9444195664908,13.42,7.47671030495326,46.89
751093402,0.0,0.0,,0.0,
751093403,1087.01231982977,298.9932986900667,27.51,100.8898102297147,33.74
751093404,106.233619743142,18.2224889745021,17.15,0.0,0.0
751093405,349.884095858758,42.58726738193237,12.17,9.79913496571989,23.01
751093406,56.2931993423827,16.23785531343616,28.85,4.32911095568087,26.66
751093407,1021.80268406172,205.9148755952011,20.15,103.8944627165898,50.46
751093408,890.990037526605,191.45050748135708,21.49,39.89593166949799,20.84
751093409,588.783109306078,127.03949607553278,21.58,36.43797657554949,28.68
751093501,2518.38705565956,665.4848785844581,26.43,258.5146035382486,38.85
751093502,1767.08379069812,459.42925752390806,26.0,178.910755685317,38.94
751093503,3417.64746145685,845.729723679111,24.75,292.07692802764063,34.54
751093504,1561.9910123967,432.3035383107794,27.68,138.410383930998,32.02
751093601,2084.70494065723,558.3858843827388,26.78,175.2915572494916,31.39
751093602,2639.03466294598,611.636772919616,23.18,241.9918868412983,39.56
751093603,1282.79390820929,337.8760873399625,26.34,162.1950848793732,48.0
751093604,1600.2108795191,442.6529398884438,27.66,197.8427979851978,44.69
751093605,1915.34348143791,498.93523726787043,26.05,184.1702213832814,36.91
751093606,1799.40936131664,403.54437560720356,22.43,148.5094381209395,36.8
751093607,1910.03636040648,509.6709864961176,26.68,179.85264807394532,35.29
751093608,2151.98673306654,664.5074430011801,30.88,242.46000400267332,36.49
751093609,1708.95074300205,574.6490435809203,33.63,282.8347901479106,49.22
751093610,2138.83058485369,470.6677276875497,22.01,169.3640220016463,35.98
751103701,1911.67938327024,509.06291212147596,26.63,183.1914475986867,35.99
751103702,1629.30904271905,344.27440377427934,21.13,119.3452221644105,34.67
751103703,1997.67006463906,505.67839621897883,25.31,149.255198755529,29.52
751103704,2015.64288260826,511.68615154998247,25.39,201.2665159632275,39.33
751103705,1887.79287734771,595.979986052572,31.57,237.2611559137889,39.81
751103706,1995.17571253848,639.53153752206,32.05,202.73676924089122,31.7
751103707,2239.29561059595,579.466966612698,25.88,174.8842675597345,30.18
751103708,1441.23999226761,431.3947669331177,29.93,173.04712423973268,40.11
751103709,1536.49508476497,333.2105454743562,21.69,192.837015566,57.87
751103710,0.0,0.0,,0.0,
751103711,0.0,0.0,,0.0,
751103712,604.535794741644,175.2829740160084,28.99,56.38152643489189,32.17
751103801,1654.01127345362,422.8017582425056,25.56,116.6144798598985,27.58
751103802,1315.38271104846,345.7072968777206,26.28,159.45926120231212,46.13
751103803,2294.86906496882,608.2359313564197,26.5,250.7273849069864,41.22
751103804,2420.04429706699,594.6192076470516,24.57,285.2964368710874,47.98
751103805,2010.94580471988,441.20713299617876,21.94,151.8300588272995,34.41
751103806,3020.57215448248,820.6209723540007,27.17,299.2836109617898,36.47
751103901,1584.9787845227,414.89311524982816,26.18,194.8527626946636,46.96
751103902,1965.3564405917,590.171274181442,30.03,219.0668661827634,37.12
751103903,1473.62518214771,418.03101232220865,28.37,153.0224104163072,36.61
751103904,2029.53222385265,690.2468320992091,34.01,206.98940332333308,29.99
751103905,1654.65697459692,458.18812316391086,27.69,157.910138709428,34.46
751103906,1990.00976033323,388.6958223248474,19.53,148.2906136367261,38.15
751103907,1677.6517937579,506.4978520979497,30.19,159.8133447521297,31.55
751103908,2275.17672600822,588.5680816103132,25.87,279.5783333972543,47.5
751103909,1728.94795590004,388.2179173158509,22.45,200.3863410652042,51.62
751103910,2010.4885238293,615.669958191738,30.62,267.8294750359735,43.5
751103988,0.0,0.0,,0.0,
751104001,2066.7089193095,524.8431175726564,25.4,181.3023108220025,34.54
751104002,2711.05291106808,692.9057344351254,25.56,214.9384391936951,31.02
751104003,2340.98893945047,567.3748936885924,24.24,278.0048095464747,49.0
751104004,1258.38378595997,227.70477171136673,18.1,107.406732855988,47.17
751104005,1302.48270648626,236.7581068605955,18.18,103.974909972927,43.92
751104006,2135.75577459142,510.0373378293297,23.88,253.0144895263691,49.61
751104007,2587.12722289597,909.8709239046559,35.17,332.1937622419237,36.51
751104008,2827.29642240215,909.466004280144,32.17,471.865420688497,51.88
751104009,1965.11307149978,415.1361590784834,21.13,182.914195075626,44.06
751104010,1635.58559356033,709.475577305353,43.38,217.513851096041,30.66
751104011,1792.94915622516,403.6635471609922,22.51,219.9343411573382,54.48
751104012,113.92935172659,21.196158460761,18.6,5.29903961519024,25.0
751104088,0.0,0.0,,0.0,
751114101,2635.30471715285,921.05910884235,34.95,326.5481146983885,35.45
751114102,2007.38589267017,450.6320915580759,22.45,248.6839531983083,55.19
751114103,1502.69466882106,390.6314317417922,26.0,181.4060120481869,46.44
751114104,1485.93666882838,338.68494181084714,22.79,170.5959799568269,50.37
751114105,1808.84889571669,525.7245240774572,29.06,194.4085237205203,36.98
751114106,2048.3256257778,613.4155574449921,29.95,277.11856635240787,45.18
751114107,2391.20450497782,644.9181544369627,26.97,272.8193116818199,42.3
751114108,1913.68999695669,440.4876881239452,23.02,238.1284720014352,54.06
751114109,2383.15008253451,493.0837663736302,20.69,270.27243373401467,54.81
751114110,1412.11631023562,383.8643249485976,27.18,151.60718443268615,39.49
751114111,1285.41572466505,274.4074817994392,21.35,95.51684205732757,34.81
751114112,1528.82975864195,648.1381701161922,42.39,337.6758987042391,52.1
751114113,1246.71395017322,280.8861137437924,22.53,120.22052906960039,42.8
751114114,1350.79055519621,279.2078144658946,20.67,136.74420652761412,48.98
751114115,1761.60868390759,451.115107939699,25.61,202.6364709665843,44.92
751114201,1699.11991613429,433.3170487726083,25.5,191.30866912057792,44.15
751114202,1913.74540779839,557.5103596023368,29.13,193.6763427748146,34.74
751114203,2294.32669952621,722.4947549718322,31.49,341.63733720141454,47.29
751114204,2110.19114649148,483.6205527596737,22.92,266.8257727736157,55.17
751114205,1736.23663862726,573.4125516375576,33.03,219.2887727382709,38.24
751114206,2565.49187261334,815.142938370719,31.77,341.5022761792869,41.89
751114207,1777.23221816639,704.6338094417359,39.65,351.561233561113,49.89
751114208,1907.98068207702,795.730578551018,41.71,311.0587908023732,39.09
751114209,2263.36112281026,634.0303018403674,28.01,198.4006242018034,31.29
751114210,2652.14643600415,866.856219691985,32.69,379.5402748601393,43.78
751114211,1670.92150783724,528.1963243211342,31.61,253.18837579397768,47.93
751114212,1576.57095760928,560.652220309122,35.56,217.4344625685593,38.78
751114213,1689.62766620894,419.561412963839,24.83,181.5628832797234,43.27
751114214,1433.47433511727,385.5252517084219,26.89,182.53839124904832,47.35
751114301,1656.30173819133,516.15385406269,31.16,241.972389219929,46.88
751114302,3659.26799471573,1250.73704709101,34.18,482.51206181504733,38.58
751114303,1362.17564008554,526.1096318542872,38.62,284.368709451741,54.05
751114304,1548.30368844787,355.6240835556027,22.97,158.5046118107515,44.57
751114305,2951.4620389568,890.517694752068,30.17,493.27544465204153,55.39
751114306,2520.32871010117,634.1614092205455,25.16,328.1069144784031,51.74
751114307,2295.98682022911,800.939148584863,34.88,346.0409703636699,43.2
751114308,1402.64463486988,412.0610497501433,29.38,121.4390452570828,29.47
751114309,1314.36789518875,429.8092131232765,32.7,191.34723383853782,44.52
751114310,1657.16169359336,444.7852343286395,26.84,219.0879384275838,49.26
751114311,1532.19882020517,357.6054972798107,23.34,173.55844914424569,48.53
751114312,1399.04556047274,462.47915120247313,33.06,188.3406409772891,40.72
751114313,1794.26478329662,608.991572129317,33.94,205.4091475162358,33.73
751114314,1812.74845331456,609.8776855175997,33.64,280.1077390354374,45.93
751114315,1781.81491295749,530.457871503102,29.77,211.2190563674305,39.82
751114316,1749.96319888988,425.3193394678607,24.3,194.1418769161177,45.65
751114317,1796.17559609788,478.9534598324127,26.67,254.94459722259512,53.23
751114318,1930.54591274601,428.00793575454566,22.17,163.2343117120901,38.14
751114319,1751.32384177871,734.8832887746958,41.96,232.6712986501622,31.66
751114320,1876.16866705683,669.779759809109,35.7,434.049581911581,64.8
751114321,1695.57460982563,460.6529314019913,27.17,202.2951180028922,43.91
751114401,1824.65991583589,577.748632307765,31.66,273.816310190383,47.39
751114402,2014.57909335366,657.662444866386,32.65,309.8390142132319,47.11
751114403,2001.7692372722,436.1933522551082,21.79,179.71365982634808,41.2
751114404,1897.54993555286,568.5297901121573,29.96,262.6454051181903,46.2
751114405,1630.30288231328,473.47652557876563,29.04,207.46004684687352,43.82
751114406,2453.51443245625,721.3229868423031,29.4,363.80840542396624,50.44
751114407,1698.56624515894,435.37753054877663,25.63,180.38425401821792,41.43
751114408,2685.51854250705,925.326123946053,34.46,344.4067791807953,37.22
751114409,2779.46250866285,756.216277800454,27.21,339.08716391523274,44.84
751114410,3770.83467959586,1459.7246003365058,38.71,526.93293258521,36.1
751114411,3541.59877524174,1108.757895339307,31.31,489.6346929105106,44.16
751114412,2858.06388181432,955.1807633458809,33.42,410.52103197944103,42.98
751114413,2354.92978882482,752.258777363397,31.94,282.4918049634798,37.55
751124501,2973.97872367706,1269.4828700569549,42.69,658.8520248240759,51.9
751124502,3394.81868730909,966.1982831545649,28.46,403.3904474506168,41.75
751124503,2007.15378780979,693.555608180103,34.55,214.9629005335606,30.99
751124504,2303.02824829803,731.327512701981,31.76,278.7567291884599,38.12
751124505,1941.30518011682,643.1369268257093,33.13,272.32645673056606,42.34
751124506,1685.01922438169,600.033618074342,35.61,253.4835205025443,42.24
751124507,1941.52530969832,859.757535788714,44.28,349.225933823321,40.62
751124508,1979.75372253173,644.558376986086,32.56,325.3662910358998,50.48
751124509,1573.79992464399,498.949395964972,31.7,208.81537294304212,41.85
751124510,1590.52378789753,522.888363471257,32.88,215.43842369706329,41.2
751124511,2140.84057665565,868.773143319432,40.58,306.7020640433659,35.3
751124512,3686.64075208348,1409.311554480761,38.23,614.211020719847,43.58
751124513,1779.65460607409,707.709167518406,39.77,295.387341562043,41.74
751124514,1628.22170853114,602.287962935392,36.99,224.3974562806605,37.26
751124577,316.423047676834,16.703477945733,5.28,0.0,0.0
751124601,2991.28661601621,1031.441247176565,34.48,343.46264672655195,33.3
751124602,2260.19036597504,839.177262171441,37.13,315.438589620359,37.59
751124603,1393.7835816708,635.499612593487,45.6,323.08483672686305,50.84
751124604,1948.5240614929,636.243678104378,32.65,313.4119051469147,49.26
751124605,1932.61371260178,595.58126417264,30.82,288.6582875433678,48.47
751124606,2275.95464305578,880.01103797127,38.67,419.4117101138237,47.66
751124608,1799.42398671313,636.762268225362,35.39,341.456111197877,53.62
751124609,1753.60114015439,581.735961167004,33.17,201.16455535850508,34.58
751124610,1969.68244342218,473.15855416246137,24.02,169.6076472732129,35.85
751124611,1656.24312567515,516.905220236423,31.21,247.6902141572454,47.92
751124612,2296.41936369721,678.122525585704,29.53,368.9609807192844,54.41
751124613,3361.28086451835,1005.5476951213819,29.92,305.5585669737685,30.39
751124614,3331.83777357473,1726.8116591766998,51.83,628.032424487747,36.37
751124615,3177.58966088319,1230.823008348843,38.73,389.061260025916,31.61
751124616,4187.73110174972,1712.5665242286868,40.89,631.1906813285909,36.86
751124617,2335.99496961251,953.121512755467,40.8,354.9154399842572,37.24
751124618,1965.57981801226,800.58446000295,40.73,363.725177207835,45.43
751124619,3626.62556271658,1368.580289959786,37.74,578.673186522878,42.28
751124620,1701.23358991614,535.0561796213461,31.45,185.2483167884767,34.62
751124621,2633.83406505318,631.9339525976168,23.99,199.7116767891245,31.6
751124622,1823.29563372406,580.0113083438711,31.81,194.3403684655373,33.51
751124623,2228.95557753881,762.801593758038,34.22,295.6204346035023,38.75
751124624,1870.02768716837,733.287294050143,39.21,230.7022837583099,31.46
751124677,761.884195378222,91.54734320305977,12.02,1.12651175562187,1.23
751124701,2364.07662271037,689.4549773512678,29.16,148.2207158846904,21.5
751124702,2403.08305467815,761.7996391955007,31.7,205.251635631808,26.94
751124703,2197.43460555358,658.400849286411,29.96,263.6289796236245,40.04
751124704,2001.20753825599,789.037922930967,39.43,252.424973538628,31.99
751124705,2967.94950676298,840.8453550266751,28.33,311.6752019339011,37.07
751124706,0.0,0.0,,0.0,
751124707,355.765648069697,146.6893561675999,41.23,76.4111340233318,52.09
751124708,202.000367466589,27.33338305653523,13.53,0.0,0.0
751124799,0.0,0.0,,0.0,
751124801,2870.70165600307,759.470406147982,26.46,378.43223433628503,49.83
751124802,1866.52691473195,666.5538495997922,35.71,124.01033666560619,18.6
751124803,2128.32103255718,568.3163480820363,26.7,207.49058424478932,36.51
751124804,2098.8733297527,577.463542413399,27.51,192.8612693745411,33.4
751124805,1583.9733228966,423.5123416114174,26.74,183.2581663736981,43.27
751124806,2060.05932900418,709.7248787775126,34.45,254.9244593632782,35.92
751124807,2527.27618912935,802.214121971664,31.74,390.29831616921797,48.65
751124808,1939.80580966902,710.957278968035,36.65,228.76763161129378,32.18
751124809,1950.67199471839,536.1171236298082,27.48,264.6738592593784,49.37
751124810,2721.26964244864,769.904833028368,28.29,256.4971381915264,33.32
751124811,0.0,0.0,,0.0,
751124812,802.455695190499,300.4115953101047,37.44,110.25919229678091,36.7
751124813,385.271264647369,80.1601978843571,20.81,39.140099992954156,48.83
751124888,0.0,0.0,,0.0,
751124899,0.0,0.0,,0.0,
751134901,2458.93215208167,925.5131984758569,37.64,331.181121096409,35.78
751134902,2779.70580311286,1020.897592698142,36.73,362.9208764887621,35.55
751134903,1725.1835915719,578.032821725118,33.51,294.5303607034242,50.95
751134904,1464.69049110931,425.05525546245593,29.02,204.9252405796254,48.21
751134905,2395.6391622845,704.395358083344,29.4,315.3311007563995,44.77
751134906,2099.32436667287,786.540418331941,37.47,285.85978152677,36.34
751134907,1711.79445089145,526.9363421389778,30.78,206.6305529328768,39.21
751134908,724.831863310366,196.10531831597285,27.06,55.950863962947,28.53
751134999,0.0,0.0,,0.0,
751135001,1815.92203156559,577.4839765498191,31.8,306.0074570940513,52.99
751135002,1705.40863425119,750.7887350377621,44.02,400.84885221766126,53.39
751135003,3310.8570560253,1437.281338007083,43.41,518.372056718122,36.07
751135004,1921.50149944384,706.8603641403149,36.79,166.9830300900902,23.62
751135005,2610.14759880575,872.226492290831,33.42,330.7362387819146,37.92
751135006,2552.93205387177,1057.9468047611579,41.44,354.5533136426249,33.51
751135007,3211.48178742656,1312.407685742694,40.87,449.9613169778309,34.29
751135008,1138.12702353892,476.3222698815024,41.85,133.3858342442419,28.0
751135009,1566.59325705071,468.3379522899174,29.9,188.2470967056899,40.19
751135010,2066.15671550329,832.465921041776,40.29,265.8573099481332,31.94
751135011,2375.78714887099,751.2221056429146,31.62,292.4579803552213,38.93
751135012,2747.27427747793,791.0030130767178,28.79,241.60530746650733,30.54
751135013,1917.36892321648,691.4286288486801,36.06,246.52161694344562,35.65
751135014,3088.98300858152,775.7780860342135,25.11,353.37799404519535,45.55
751135015,2067.23371089,409.62839134197657,19.82,89.10658766246046,21.75
751135016,1930.10429010046,308.7219934181443,16.0,114.54315349726491,37.1
751135017,839.777670428572,318.9961460942043,37.99,76.453617252924,23.97
751135018,1572.78134440505,633.7662279687078,40.3,204.80010848921322,32.31
751135019,3478.26357449476,893.384122437209,25.68,377.2969375772129,42.23
751135020,3125.33762038008,1094.714491696665,35.03,405.4226245908717,37.03
751135021,2356.06647199645,836.837491824101,35.52,451.4994894439684,53.95
751135023,1663.44200475947,822.200452095102,49.43,300.2736514148736,36.52
751135024,2072.58104164891,512.23755586191,24.71,220.3877969284982,43.02
751135025,1770.00839667587,903.6737746807651,51.05,373.39961184369724,41.32
751135026,1408.47844269752,482.52614495863827,34.26,179.52868594941992,37.21
751135027,2212.69989505033,988.483667383106,44.67,482.68396564535897,48.83
751135028,2167.81731949677,616.0170312131091,28.42,229.6309888255086,37.28
751135029,3221.47482993101,1361.691884934005,42.27,405.47274617240396,29.78
751135030,1552.74773188051,521.8910620290086,33.61,228.0525925110101,43.7
751135031,1891.46415216682,774.05617047848,40.92,364.93150347477103,47.15
751135032,370.514427289072,22.1089182892035,5.97,4.89091744229142,22.12
751135099,0.0,0.0,,0.0,
751135101,2629.80530603373,986.007115916515,37.49,393.7595379341336,39.93
751135102,2445.6969334874,653.6884905373099,26.73,181.1576828097044,27.71
751135103,2089.26168911328,694.927754478372,33.26,249.9488808821115,35.97
751135104,1905.16792587263,413.5976033265514,21.71,237.83120092696322,57.5
751135105,2527.57120961595,939.487989509289,37.17,314.564557535647,33.48
751135106,2780.06582903766,869.8858756846347,31.29,331.9848112381378,38.16
751135107,1889.25961143862,775.8777875283655,41.07,244.97374866469443,31.57
751135108,2576.31089473101,1051.542893197979,40.82,509.469541290915,48.45
751135109,2302.90812155492,908.642174344977,39.46,372.331891188818,40.98
751135110,3941.6518563574,1377.1006828848701,34.94,440.4320551267968,31.98
751135111,2306.16669117012,875.4981030062389,37.96,335.62661942150373,38.34
751135112,2795.97477665837,1054.208956755243,37.7,367.98200651173374,34.91
751135113,2054.30331386254,581.018358017596,28.28,245.6973384563605,42.29
751135114,2277.73434100815,720.747025340451,31.64,232.6083819307754,32.27
751135115,1564.63232278544,621.9209226586856,39.75,218.1494928069263,35.08
751135116,2378.70915147542,821.83716608397,34.55,398.3780451089099,48.47
751135117,1712.42161005134,404.0795995333878,23.6,240.9599096234341,59.63
751135118,1589.06079733723,645.533952831371,40.62,255.6311331617182,39.6
751135119,1516.57985968791,583.684470247166,38.49,232.95458103303412,39.91
751135120,1573.07339766911,778.2668328156886,49.47,322.2645770582937,41.41
751135121,1371.89893935156,455.5253602254644,33.2,197.0972851811079,43.27
751135122,2961.21381431694,947.8943309212569,32.01,308.25557420248754,32.52
751135123,1868.3887839311,432.41109962566867,23.14,170.9657934354021,39.54
751135124,2850.793383134,1094.2736561627871,38.38,389.6804827147689,35.61
751135125,2464.31854436492,711.907447114585,28.89,224.56786893646918,31.54
751135201,2934.38036580826,1004.547803197779,34.23,372.904088801658,37.12
751135202,1410.23075514429,631.324285496413,44.77,297.5794765688185,47.14
751135203,2502.64202517283,1039.170381572627,41.52,439.720160151189,42.31
751135204,2416.82760299226,969.1349124865379,40.1,319.1445784183651,32.93
751135205,2111.47401464539,905.9707037302221,42.91,366.292412669162,40.43
751135206,3257.16706447446,1354.560875330148,41.59,456.53924909328697,33.7
751135207,2607.30588670725,768.422758697025,29.47,383.24232885558104,49.87
751145301,1366.59854575859,500.128842398323,36.6,169.56095927028508,33.9
751145302,1449.12835895888,517.16638402125,35.69,150.16472693842542,29.04
751145303,1575.23561056949,442.819697059263,28.11,249.60904200622542,56.37
751145304,1307.04565578959,423.2544710777758,32.38,184.2759332349774,43.54
751145305,1778.4807836257,766.3049464522279,43.09,335.3863077279998,43.77
751145306,1713.86971268975,596.089742914164,34.78,244.2393883469793,40.97
751145307,1576.25680670799,587.546834938064,37.27,279.2393221575916,47.53
751145308,1364.80977331241,491.7992649285618,36.03,260.9737985135182,53.07
751145309,1686.26791990108,697.9236216560471,41.39,290.10052252070363,41.57
751145310,1674.0574158338,756.437104843118,45.19,227.9879789224169,30.14
751145311,49.510771236885,7.072967319555,14.29,7.072967319555,100.0
751145401,5653.35799672615,62.29572371971624,1.1,15.0936628940634,24.23
751145402,3338.1674609597,1190.6186183584741,35.67,484.547516425277,40.7
751145403,2936.29934249313,1075.451499968769,36.63,319.6947108347426,29.73
751145404,1793.81445455136,510.1663267684208,28.44,233.4746137250212,45.76
751145405,2785.99035746318,1192.261132172096,42.79,456.090231073996,38.25
751145406,3378.55355745752,1091.3408808438098,32.3,435.864366682129,39.94
751145407,239.950190056077,51.736421263546,21.56,21.783756321493,42.11
751145501,1931.79883347779,671.151504540233,34.74,196.18831302271508,29.23
751145502,2688.06437646956,647.3053742145503,24.08,184.99552239905978,28.58
751145503,2138.33396545951,745.6403333640731,34.87,278.1844186724644,37.31
751145504,2353.49419254941,671.355869257909,28.53,304.2764091088237,45.32
751145505,3126.49701080651,1214.124282214458,38.83,399.6547950129401,32.92
751145506,2075.68609920767,741.1489749685941,35.71,303.022179160227,40.89
751145507,1552.79351124861,543.8810786205499,35.03,253.32334961472668,46.58
751145508,2737.65316331251,1013.348388155405,37.02,373.903237902751,36.9
751145509,1559.33600039785,541.3110811316212,34.71,176.1718112849964,32.55
751145510,1712.8971768916,581.879294085114,33.97,256.0438946273925,44.0
751145511,1617.59937646964,663.60617451391,41.02,272.0586320388601,41.0
751145512,1789.74041980508,873.55664311803,48.81,418.2354210610748,47.88
751145513,2350.39134518605,824.878288283852,35.1,421.226258456409,51.07
751145514,1444.00021168717,448.49055307235903,31.06,184.6378650383845,41.17
751145515,2529.80356452585,750.7084207589189,29.67,260.8410010506025,34.75
751145516,2124.03646676426,598.052756091666,28.16,200.4696149866157,33.52
751145601,1696.66040497279,543.1174946479899,32.01,231.5418906219644,42.63
751145602,1383.58229456078,527.874753510732,38.15,218.2012278804114,41.34
751145603,2082.55915052752,924.619461315538,44.4,337.2473834767848,36.47
751145604,1732.26091871476,647.2783553584698,37.37,312.2727835191055,48.24
751145605,2153.59578231007,884.002759602906,41.05,336.5241755440879,38.07
751145606,2445.34969988255,694.897396882584,28.42,290.5644953580687,41.81
751145607,2954.89659237548,1110.306216128086,37.58,276.8375869433658,24.93
751145608,1849.39028482959,565.6343590568949,30.58,263.4814436641621,46.58
751145609,2122.87816869918,876.131200757459,41.27,295.2249002447356,33.7
751145610,1968.98909956638,819.015259182622,41.6,333.6584019238657,40.74
751145611,1500.60650962743,558.7804484605057,37.24,229.9483139474739,41.15
751145612,1844.68343090123,762.861452240682,41.35,457.680782702947,60.0
751145613,1975.70842265827,658.315609993841,33.32,363.9421733593808,55.28
751145614,1676.06991038661,375.79874784716736,22.42,224.3084308503447,59.69
751145615,1936.85372089654,555.409665899384,28.68,282.6069448963194,50.88
751145616,2584.07535400036,769.261206305255,29.77,279.021092988626,36.27
751145617,2001.17374289276,926.569397851316,46.3,241.4710185889332,26.06
751145618,2479.42133629588,861.498302249707,34.75,328.1163275438988,38.09
751145619,1734.38414186369,611.6547360612734,35.27,207.0508328783951,33.85
751145620,2121.35052283316,671.1343395222531,31.64,341.4009628622471,50.87
751145621,1803.57831461303,501.6111396269123,27.81,239.0952457992357,47.67
751145622,1438.69601533937,424.3854656867584,29.5,208.86845662278768,49.22
751145623,3124.51263042799,1073.4558989514699,34.36,386.0584160752383,35.96
751145624,2232.27022168024,981.909898428818,43.99,359.1456356399991,36.58
751145625,1759.87689783617,411.00885774431686,23.35,172.2149787981439,41.9
751155701,3568.8344201594,1309.307821329401,36.69,514.917175807188,39.33
751155702,1272.68247702167,338.7426777172239,26.62,173.55074761095568,51.23
751155703,3240.99342795521,1131.448980408429,34.91,508.8689333157308,44.97
751155704,2161.80050981081,823.661803501078,38.1,351.128685656198,42.63
751155705,3333.87350702048,1237.1526150391592,37.11,554.266631857296,44.8
751155706,1884.63648677926,637.630013566097,33.83,264.62168812983293,41.5
751155707,2055.33201805208,595.661887930834,28.98,214.9243527748765,36.08
751155708,3356.50574961495,1094.177232225964,32.6,422.301933708322,38.6
751155709,2836.30322307693,665.169546725868,23.45,297.4002387999351,44.71
751155710,3733.97631128818,1351.286047774243,36.19,535.323747076441,39.62
751155711,1713.47255827161,495.63653371983605,28.93,214.7880287030262,43.34
751155712,2055.89399478907,599.446444261006,29.16,266.6943101030916,44.49
751155713,1536.23957712931,438.960759889212,28.57,178.6869231568083,40.71
751155714,1731.14834902686,428.1199086034194,24.73,177.31194061321662,41.42
751155715,3393.15852386574,1043.234881644865,30.75,315.796775303114,30.27
751155716,2374.97993451037,679.571049292608,28.61,327.90067318289033,48.25
751155717,2177.9672859792,862.193330670226,39.59,373.802262212734,43.35
751155718,1811.69452380098,589.5097657665519,32.54,372.07071013556197,63.12
751155719,2011.74200386887,672.977857371101,33.45,287.8553042129622,42.77
751155720,1774.47236550415,575.4917982972257,32.43,269.44733864547646,46.82
751155721,1555.55544408972,552.4325677844199,35.51,229.7432683451932,41.59
751155722,2850.39631685984,1150.294613464843,40.36,462.397132965212,40.2
751155723,2386.39823806671,790.1753238489939,33.11,366.335694553744,46.36
751155724,2527.85288460229,697.609273058508,27.6,316.9246887421349,45.43
751155725,2208.73148928371,713.111868581679,32.29,243.1808681158588,34.1
751155726,2487.10884182246,881.272006993881,35.43,335.3315857987248,38.05
751155727,2382.47772286568,886.774237381642,37.22,388.2973103843832,43.79
751155728,1599.72616094588,577.079665833362,36.07,236.13364118461323,40.92
751155729,2654.21876608907,847.908926083747,31.95,382.58742457132666,45.12
751155730,2127.55168020696,921.822216469089,43.33,428.055795428017,46.44
751155731,2239.65341056532,974.168512428862,43.5,468.565183151117,48.1
751155732,0.0,0.0,,0.0,
751155733,0.0,0.0,,0.0,
751155801,2608.70423365023,1011.141591697452,38.76,407.6001890700753,40.31
751155802,2425.3926076913,986.332684527262,40.67,379.38596132961214,38.46
751155803,3076.12813841234,1030.050551224577,33.49,459.78919796560797,44.64
751155804,2144.81799047417,781.77990384097,36.45,264.0658039650202,33.78
751155805,1799.06324811409,639.278810454534,35.53,437.187669600445,68.39
751155806,2798.0322844452,876.927861764283,31.34,379.259801667953,43.25
751155807,2531.13457511765,791.5655603199491,31.27,287.7158145391986,36.35
751155808,1796.19544718356,694.030833086504,38.64,274.9019855559597,39.61
751155809,3033.5434724973,1203.763906594049,39.68,391.19237259858505,32.5
751155810,4454.32512751713,1468.567621953973,32.97,728.955420082963,49.64
751155811,1678.42367690619,554.0783189470881,33.01,260.09265135176304,46.94
751155812,1753.32481355855,638.8458811560361,36.44,217.0557230342711,33.98
751155813,1662.70206332187,663.0894892516919,39.88,204.17682985696138,30.79
751155814,1724.61720304852,701.068745212366,40.65,198.8573605213071,28.36
751155815,2040.33878948991,726.964862883623,35.63,284.599253010234,39.15
751155816,1810.62533959897,501.4026661640914,27.69,297.3008782975191,59.29
751155817,2034.79399238221,669.1258208313118,32.88,284.8094548717535,42.56
751155818,1093.29332182662,288.5623722872255,26.39,119.1405809764853,41.29
751155819,0.0,0.0,,0.0,
751155901,2086.01788330561,584.703375080995,28.03,248.1972783228287,42.45
751155902,1504.39023447602,418.59516811164474,27.82,192.1092049355213,45.89
751155903,2154.24361594239,815.525135584861,37.86,271.257431122319,33.26
751155904,2075.58868281606,717.510531472611,34.57,260.1327624281695,36.25
751155905,2155.96144298895,676.14213168852,31.36,223.3498254307919,33.03
751155906,2215.13220529743,740.4463826914789,33.43,293.2378661201875,39.6
751155907,2215.96925114846,762.433904496777,34.41,254.86886492929978,33.43
751155908,3038.8451780932,1258.053784603788,41.4,449.162815069987,35.7
751155909,1939.06312409965,506.594690906285,26.13,267.70414662262607,52.84
751155910,1932.02386322753,512.5868883947506,26.53,229.274504634729,44.73
751155911,2299.21692462168,626.52107911148,27.25,231.52127569285528,36.95
751155912,2933.10202466971,743.085740632423,25.33,359.5987975685399,48.39
751155913,2158.5858608828,730.2573919103299,33.83,222.50334865026701,30.47
751155914,1632.87174766312,612.0440428065181,37.48,236.8011987513566,38.69
751155915,1833.8373801241,600.686699267582,32.76,251.7276811595553,41.91
751155916,1909.66308946727,686.0962274724988,35.93,205.60610936214198,29.97
751155917,2626.16696515688,843.6284581566099,32.12,301.29788873337,35.71
751155918,2824.69882905196,999.81884623843,35.4,414.01844092398403,41.41
751155919,2015.18939003478,677.670699439067,33.63,302.2145215602365,44.6
751155920,373.133716193636,149.63749493042852,40.1,67.938447276374,45.4
751155999,0.0,0.0,,0.0,
751156001,2378.69233207188,707.6711577136335,29.75,295.0587462426243,41.69
751156002,1901.00433331723,606.99235087052,31.93,328.4062621405206,54.1
751156003,2232.97542918137,671.902614067229,30.09,312.8336674076847,46.56
751156004,2919.08821574437,899.72767298973,30.82,452.993846810587,50.35
751156005,2483.5922163521,882.7113019856099,35.54,337.7006536087293,38.26
751156006,1565.86587805802,509.814886362018,32.56,214.7349645005894,42.12
751156007,2344.91443898525,825.930666519499,35.22,307.10051897408505,37.18
751156008,1377.87964387826,522.9099964531591,37.95,158.8609547972975,30.38
751156009,1283.59689534592,537.056347692912,41.84,285.7495041839367,53.21
751156010,2315.02978556436,696.1889050196766,30.07,157.4257497103165,22.61
751156012,3475.3540268849,1181.167160550583,33.99,490.479075100084,41.52
751156013,1954.33356024924,572.658590017489,29.3,204.38516648849048,35.69
751156014,2727.88981729928,1169.750858261328,42.88,554.3606259185766,47.39
751156015,1471.38278491653,599.8273977502854,40.77,294.1960980608524,49.05
751156016,2056.52815294013,694.295732248863,33.76,277.3650556106056,39.95
751156017,1708.68344184016,514.319809310657,30.1,226.2732194139031,43.99
751156018,2487.43388903669,704.763156739479,28.33,288.9211334511057,41.0
751156019,3357.90790111,1042.663177944716,31.05,417.23472904048,40.02
751156020,2997.99686461195,958.109545097919,31.96,414.08779074801896,43.22
751156021,104.128165891304,24.296572041304273,23.33,3.47093886304347,14.29
751156022,727.395390414185,178.68012791693081,24.56,38.77080134219925,21.7
751156023,0.0,0.0,,0.0,
751156099,46.9999616082048,7.99999346522634,17.02,0.0,0.0
751166101,2058.49825851558,875.167552698423,42.51,309.3966393825875,35.35
751166102,2281.03780870562,861.1033546551901,37.75,386.55504225634803,44.89
751166103,1727.32938712327,596.536370999804,34.54,254.1995691234066,42.61
751166104,1692.28310404432,738.357864989143,43.63,324.9932584300878,44.02
751166105,1880.9916611861,821.233639784244,43.66,279.9587986069484,34.09
751166106,2458.74461622301,1163.520225881096,47.32,422.694025080495,36.33
751166107,2828.13278791767,1143.0381289534548,40.42,365.82041486338,32.0
751166108,1664.26875454551,744.116556668538,44.71,365.271153148058,49.09
751166109,2221.34724303474,788.248001634182,35.49,297.190181486796,37.7
751166110,1995.68477978424,738.986036781476,37.03,346.020812131924,46.82
751166111,1730.97507483352,778.455919337417,44.97,327.52991773066196,42.07
751166112,1728.54929161438,732.182422064397,42.36,152.7318046277599,20.86
751166113,1591.49645038724,725.992431589349,45.62,266.8543249575851,36.76
751166114,1821.81047748375,518.305431033211,28.45,230.974594719464,44.56
751166115,2959.96871536831,1188.758476398554,40.16,473.30085905369003,39.81
751166116,1563.0780448525,683.979078847259,43.76,124.0265070589211,18.13
751166117,2046.70206567821,938.9988579911831,45.88,402.119899581622,42.82
751166118,2135.85565799565,983.429480545411,46.04,260.6144994474622,26.5
751166119,1593.83524377865,688.8632392825441,43.22,287.5226808629489,41.74
751166120,1608.36728196679,654.08893609466,40.67,244.115311387357,37.32
751166121,2422.04346185279,932.6053242101991,38.5,342.2768099999271,36.7
751166122,2414.61323691822,936.109578575961,38.77,299.00786873802497,31.94
751166123,2081.98245675201,964.167232576964,46.31,293.143731936797,30.4
751166124,1638.56010531269,815.4648319160631,49.77,346.149159916893,42.45
751166125,1879.35759796724,844.581113185587,44.94,277.098876955629,32.81
751166126,2502.35783489314,983.7027083552081,39.31,253.64264082509447,25.78
751166127,2668.10206100693,1060.374974156209,39.74,369.87930163604733,34.88
751166128,2279.42048829133,946.0944332351469,41.51,313.664115469637,33.15
751166129,1513.02143176874,631.517110828773,41.74,222.4979396340313,35.23
751166130,1763.56575035107,758.520580513024,43.01,341.139586222359,44.97
751166131,40.0359670569598,7.023930734526711,17.54,0.0,0.0
751166177,110.576621155039,26.2245919545323,23.72,0.0,0.0
751166199,0.0,0.0,,0.0,
751166201,1390.83622291222,498.157122900686,35.82,210.0350007908125,42.16
751166202,1839.24254354549,682.829126331515,37.13,280.0355420018252,41.01
751166203,1732.99559596498,798.3305449433981,46.07,232.085819250622,29.07
751166204,1991.06052283279,740.630144573987,37.2,255.2565261714193,34.46
751166205,1594.25457206527,708.700065065294,44.45,223.30899295787168,31.51
751166206,1470.61782394036,633.724232544038,43.09,235.5881902100212,37.18
751166207,1323.77751306536,660.980388828568,49.93,164.30226219476418,24.86
751166208,1927.63901153588,888.7938216164459,46.11,249.07940695085142,28.02
751166209,1822.98686351569,783.149750130131,42.96,198.9558169284307,25.4
751166210,1439.24271060776,615.690346221692,42.78,234.31387273154712,38.06
751166211,1934.47123758602,759.587001189651,39.27,302.0436977510505,39.76
751166212,1721.40849089591,592.626850103634,34.43,247.228559740506,41.72
751166213,2026.43543229881,834.272101982903,41.17,253.1820521571587,30.35
751166214,1696.40477737169,618.769977395189,36.48,182.3658277994149,29.47
751166215,2123.07070799508,741.702398408461,34.94,230.7134248567724,31.11
751166216,1661.66024939503,652.984341677581,39.3,247.1446050332786,37.85
751166217,2201.98453848307,1022.899321988256,46.45,304.863643525626,29.8
751166218,2094.38133904519,838.121944473248,40.02,250.532169970454,29.89
751166219,2371.22198954463,806.876775889503,34.03,225.1700541374601,27.91
751166220,2098.89726842424,848.3182454058131,40.42,305.2051252703958,35.98
751166221,1508.13038952477,640.3845367400941,42.46,143.82501391241868,22.46
751166222,0.0,0.0,,0.0,
751166223,81.1257294647769,41.73842550577993,51.45,12.029915572128282,28.82
751166277,174.958323641925,46.3928598725212,26.52,2.72678251488926,5.88
751166299,0.0,0.0,,0.0,
751166301,1971.17895314844,739.023080798573,37.49,223.3613262981999,30.22
751166302,2854.42895270987,1156.402597021655,40.51,412.129899301007,35.64
751166303,2145.05241522674,925.770899745788,43.16,271.40464732997896,29.32
751166304,2735.18462414067,1127.250003853635,41.21,419.49063619641,37.21
751166305,1657.49616421439,672.409673831482,40.57,230.7559786584107,34.32
751166306,2260.63530654495,853.19481978235,37.74,209.7270877199347,24.58
751166307,1991.74826774671,877.494984402638,44.06,269.850977358994,30.75
751166308,2321.5709762043,795.1745362591221,34.25,251.93404627053383,31.68
751166309,1405.40714921343,527.9976826055376,37.57,186.6122357550754,35.34
751166310,1246.76555229176,542.3776197622532,43.5,183.93591491828363,33.91
751166311,1295.37213492364,532.3821524665232,41.1,118.7420409279062,22.3
751166377,203.700962889876,83.0393011143376,40.77,20.57275769135805,24.77
751166401,1208.18964486821,530.023705278408,43.87,178.78650552844852,33.73
751166402,1742.74711957604,703.714868897707,40.38,216.4907204308291,30.76
751166403,2278.88822880671,842.8992255522701,36.99,259.4316227464626,30.78
751166404,1804.30277178918,578.8408267043976,32.08,216.4323032558834,37.39
751166405,1984.53657878971,521.207411528385,26.26,155.3100031636892,29.8
751166406,1567.35592066521,638.838852449226,40.76,267.794251058799,41.92
751166407,2822.37376653554,1142.885388747493,40.49,361.036352428883,31.59
751166409,1942.37194726544,753.505586768779,38.79,255.3104238306135,33.88
751166410,83.9942435166095,36.2684168270397,43.18,11.41822575354292,31.48
751166411,289.833041156591,128.0624060260049,44.18,48.51565790097233,37.88
751166412,645.13481220325,263.7082125485145,40.88,92.0243070923479,34.9
751166413,151.463412738266,60.820320337179844,40.16,17.90254985508154,29.44
751166499,0.0,0.0,,0.0,
751176501,3097.81391201997,904.506647903693,29.2,342.0647248881198,37.82
751176502,1932.93426038521,651.921998653843,33.73,204.7000300951207,31.4
751176503,1527.97461984202,419.3640758179929,27.45,199.9031884597278,47.67
751176504,2541.63879251192,872.121732139723,34.31,280.2129004624261,32.13
751176505,1609.92822499156,742.753630988886,46.14,301.136292484794,40.54
751176506,1817.99047794293,679.5597191622579,37.38,278.5642687357631,40.99
751176507,2069.21563077277,704.487410254606,34.05,261.0335650358743,37.05
751176508,2715.46558809002,1054.096281802857,38.82,461.724892292445,43.8
751176509,1491.88283770446,573.4370474806763,38.44,189.9011438991098,33.12
751176510,2472.71560342093,839.410372005845,33.95,330.27376263994597,39.35
751176511,1857.67803530136,487.3754041459551,26.24,205.9118178218809,42.25
751176512,2181.26886415857,665.531861285335,30.51,258.8958453317939,38.9
751176513,1363.10594566189,378.29661113195914,27.75,155.6325076316059,41.14
751176514,1796.96863082523,674.3283209971011,37.53,305.5586328859322,45.31
751176515,2995.36310101512,1150.277401547047,38.4,477.672781328994,41.53
751176516,4.00000131065016,0.0,0.0,0.0,
751176601,1779.47033049694,585.2931865541967,32.89,178.2034983776231,30.45
751176602,2462.0414596668,858.815533234369,34.88,262.074893510863,30.52
751176603,2653.66424611762,966.499899601969,36.42,303.3896710199891,31.39
751176604,2011.7478640107,813.885590881057,40.46,201.8244171591408,24.8
751176605,1353.59424182061,402.3432807142052,29.72,136.18312979733798,33.85
751176606,1826.0053243694,727.745600587651,39.85,153.5723401881583,21.1
751176607,1468.73499531124,494.5582244789296,33.67,132.3519902817053,26.76
751176608,1377.27917840784,536.482489266079,38.95,130.2048403269474,24.27
751176609,1823.60628679928,811.250984919809,44.49,244.94688179701188,30.19
751176610,2021.35586566745,818.535586789453,40.49,152.89286185839268,18.68
751176611,2196.7260292152,851.2836389711771,38.75,245.1926956888546,28.8
751176612,2420.48373852692,918.196339696595,37.93,274.959506956366,29.95
751176613,1870.96638702108,752.745468182366,40.23,207.7152215930843,27.59
751176614,2347.37351439943,1021.475265473179,43.52,527.108765815599,51.6
751176615,3068.13990361237,1171.193285058421,38.17,435.789693204215,37.21
751176616,2119.60468157441,871.7755303309,41.13,279.2443554835628,32.03
751176701,1934.26736613582,396.0373010634656,20.47,205.03758637154118,51.77
751176702,1986.73414017124,499.15780966214476,25.12,170.2427234760133,34.11
751176703,1607.41424268989,376.6620620114668,23.43,203.1295343718129,53.93
751176704,2036.55808572507,448.67756562255994,22.03,168.8541191692149,37.63
751176705,1559.69761725188,469.5751170006105,30.11,227.5785257537343,48.46
751176706,1850.01430169226,473.2635905706931,25.58,252.1542695546282,53.28
751176707,1681.90960179958,417.9621890550999,24.85,156.9681593540816,37.56
751176708,2065.60411562773,502.39034703817003,24.32,227.62641397181022,45.31
751176709,1877.30954642903,442.1148721892254,23.55,191.436334241415,43.3
751176710,3229.09885061819,740.9623413019921,22.95,336.517789821366,45.42
751176711,1889.08399552069,437.5299255175662,23.16,188.7221459605038,43.13
751176712,1571.79586583501,361.1091635277982,22.97,169.184583838769,46.85
751176713,2055.88523073059,513.0595060969848,24.96,195.9627846856385,38.19
751176714,6913.2826036057,1885.919822839195,27.28,640.4208793503876,33.96
751176715,2092.98815919402,699.447797495494,33.42,207.46021468439872,29.66
751176716,1716.68636891193,623.2601418416685,36.31,247.73819302918298,39.75
751176801,2412.64473583687,501.11171785207193,20.77,217.5226114608758,43.41
751176802,2758.12566096483,753.0397723606451,27.3,347.1803887916926,46.1
751176803,2279.20299017732,538.7099540056449,23.64,266.219467584308,49.42
751176804,1957.58395016531,509.58428555076597,26.03,329.4572755650679,64.65
751176805,1543.82662631745,287.28676779212003,18.61,152.8770025515986,53.21
751176806,4174.30161440409,1149.712459951851,27.54,419.680235551486,36.5
751176807,2322.33570990438,515.3346840690167,22.19,209.24411500322242,40.6
751176808,2375.87543084719,559.121205780316,23.53,197.2378339756684,35.28
751176809,1875.67509030772,557.334311502101,29.71,233.83297701233568,41.96
751176810,1739.30702442776,556.933251976275,32.02,305.33821509696054,54.82
751176811,2096.64860420785,549.481253892126,26.21,249.4528792400431,45.4
751176812,1809.32295068165,317.7508069693015,17.56,178.91965330115752,56.31
751176813,2305.411995107,735.6436029464011,31.91,384.30864147571305,52.24
751176814,2422.0080306005,800.132677222732,33.04,398.5962413876116,49.82
751176815,1928.44884599214,618.9298401349686,32.09,294.7393718326701,47.62
751176816,2352.01858645168,942.084189543539,40.05,368.3461998615652,39.1
751176817,1424.00106389016,566.748680682545,39.8,180.6612437992594,31.88
751186901,2253.147568935,514.0188033271997,22.81,255.2456310404925,49.66
751186902,1815.30898270467,493.47910536538944,27.18,286.1127524784495,57.98
751186903,1755.33343168472,561.9673258389271,32.01,312.4968254220226,55.61
751186904,2539.21363835721,518.5963640622342,20.42,228.82704410206682,44.12
751186905,2086.67951831975,590.5397158548712,28.3,275.4632075002317,46.65
751186906,2290.01642040887,693.9978740174028,30.31,369.59749228296977,53.26
751186907,2956.47220896565,1012.009434250397,34.23,463.3689883078221,45.79
751186908,1767.87589691668,556.3301540774971,31.47,243.9680462879673,43.85
751186909,1463.87157844974,477.6829205167412,32.63,228.2995552581464,47.79
751186910,2121.52987680895,719.4664849344149,33.91,233.2904184057594,32.43
751186911,1557.47657384843,557.73939199845,35.81,269.8717061887042,48.39
751186912,2242.84109939823,693.651435264523,30.93,259.87714279614477,37.47
751186913,1572.68771322167,468.921540288454,29.82,200.7542518918349,42.81
751186914,1729.08290095644,516.3207653081043,29.86,206.1828761242415,39.93
751186915,1732.30307899773,677.796225043215,39.13,247.740240127108,36.55
751186916,2364.09474659296,954.125715406801,40.36,449.111708730479,47.07
751186917,1727.58918284012,555.434085060081,32.15,306.1121202367503,55.11
751186918,2867.66034792166,733.9025075690711,25.59,429.08508830983084,58.47
751186919,2889.30889864521,682.309914094684,23.61,367.3006952140265,53.83
751186920,1811.84820480523,401.8458823095957,22.18,243.6701865880005,60.64
751186921,1738.30917842882,434.65737877540835,25.0,193.1644902009229,44.44
751186922,2144.08714290543,898.486583792609,41.91,356.01560141406037,39.62
751186923,3372.74323333583,1088.7063312767739,32.28,473.816876768665,43.52
751186924,2699.6169869658,870.4062177543931,32.24,325.4198591268806,37.39
751186925,2698.7849667209,893.6566655384349,33.11,221.9838084291283,24.84
751186926,2034.48339651772,819.2727333540934,40.27,287.4460252321994,35.09
751186927,1681.98994376865,760.3468456016067,45.21,305.6567377235112,40.2
751186928,1921.90326457619,824.814376755867,42.92,292.7569866706695,35.49
751186929,272.087141698736,77.73918334249593,28.57,12.9565305570827,16.67
751187001,2804.9168245754,656.6990588812587,23.41,315.7848607270846,48.09
751187002,1951.83981904242,522.4484047054743,26.77,296.9735955983081,56.84
751187003,1725.07869354046,539.6145122896,31.28,190.0235275979591,35.21
751187004,1534.77075848293,423.9582659336226,27.62,237.528350101304,56.03
751187005,1848.22340072859,409.5616800027025,22.16,188.0689552888106,45.92
751187006,1906.74952820498,542.788507161561,28.47,223.835202501128,41.24
751187007,1635.39616118446,344.94829371833777,21.09,146.162878793132,42.37
751187008,1208.27284712747,415.9636080196484,34.43,222.5534582355616,53.5
751187009,2538.2253453878,774.8049957579443,30.53,361.3350477163145,46.64
751187010,1552.00542951392,358.8726450061551,23.12,230.50746401981058,64.23
751187011,1723.65169255805,555.6879615455829,32.24,244.4182561021171,43.98
751187012,2067.34619649232,414.2479410666971,20.04,228.3744021450409,55.13
751187013,2156.97743712298,700.693902552092,32.48,317.3004103436319,45.28
751187014,1519.90446235384,278.35557565616483,18.31,132.0883136930253,47.45
751187015,1732.32556477941,383.3292346683208,22.13,230.8645088850571,60.23
751187016,1924.27784623874,440.7356798689308,22.9,169.9687053729101,38.56
751187017,3364.47872468977,726.9253631613129,21.61,360.359164005391,49.57
751187018,1978.13693924619,514.0766411915537,25.99,218.76838160998162,42.56
751187019,2627.45407265661,580.7120210997286,22.1,283.1968310988215,48.77
751187020,2119.7827643789,470.8717618410309,22.21,264.8639742604783,56.25
751187021,3337.46036245807,819.4202938179051,24.55,278.891584105709,34.04
751187022,2755.42435081398,730.8194062351581,26.52,345.595887851526,47.29
751187023,2304.65939762633,821.61203613897,35.65,354.9947975055901,43.21
751187024,1675.20362039925,308.05371074135155,18.39,172.0253259738153,55.84
751187025,1992.56597000956,519.1443449348192,26.05,244.9288407125924,47.18
751187026,2172.38439742028,482.9172623403746,22.23,228.896496094535,47.4
751187027,2308.0301610943,503.8847354979912,21.83,82.22424904895409,16.32
751187101,2369.08158180406,516.0086449856763,21.78,243.6704782859501,47.22
751187102,3277.66918757035,985.2045415133745,30.06,226.4156379888591,22.98
751187103,1864.56798218694,625.2824716358267,33.53,226.0412063207534,36.15
751187104,1954.24705333527,368.0666901621711,18.83,182.0224132138058,49.45
751187105,1636.92351867679,428.60962910216506,26.18,189.0021072052678,44.1
751187106,2139.99692026094,457.8677702175308,21.4,213.3644751090451,46.6
751187107,1661.22017750148,423.2241779392495,25.48,183.91422516247752,43.46
751187108,1855.19606281077,524.7727402976404,28.29,208.9922546664865,39.83
751187109,1709.80624032203,399.0022795102799,23.34,184.47134767033302,46.23
751187110,6986.97287341302,1727.31659182651,24.72,610.434681643564,35.34
751187201,1978.03071947058,419.1819708207449,21.19,204.40898913703035,48.76
751187202,1828.6680144088,389.3032849644115,21.29,183.5112054531463,47.14
751187203,1717.69684338513,478.7544515974137,27.87,216.3099717875003,45.18
751187204,2111.53852091998,489.5118324712424,23.18,253.1054220825497,51.71
751187205,2670.74307759847,688.4170817067235,25.78,236.0083301588817,34.28
751187206,2072.19153191727,721.3599749763528,34.81,223.728857761349,31.01
751187207,2182.7188496696,432.7822564277118,19.83,101.5598441403161,23.47
751187208,2819.52702513476,850.8393948606506,30.18,121.8775288385032,14.32
751187209,2214.14109538721,899.1204849815371,40.61,437.588039407458,48.67
751197301,4174.57409081991,1081.034767753808,25.9,404.6208155091668,37.43
751197302,2631.85830073693,700.5861338171892,26.62,237.8043934341482,33.94
751197303,2776.68224093347,1038.035613124616,37.38,328.7429739440968,31.67
751197304,1893.72687754002,551.082375364793,29.1,221.8248278931082,40.25
751197305,2646.90137609481,899.610242302061,33.99,408.004776300559,45.35
751197306,2367.78149768323,935.714329324744,39.52,312.757382711185,33.42
751197307,2554.15274160202,601.2939357667946,23.54,167.3329687737502,27.83
751197308,2687.51780684801,966.367794726472,35.96,279.9303337467724,28.97
751197309,2381.40433983239,937.812634156651,39.38,284.6907268876004,30.36
751197310,3875.88189022505,1437.523098295705,37.09,564.311383720717,39.26
751197311,2242.39045431548,654.4576576618311,29.19,237.94554265526398,36.36
751197312,1580.19922097025,498.3662638749429,31.54,175.337243042425,35.18
751197313,2412.31384069412,717.5237585786219,29.74,235.7656845209755,32.86
751197314,2168.81627790102,655.602549255488,30.23,265.6659795058858,40.52
751197315,2316.13148959202,903.466727785738,39.01,346.7172894866062,38.38
751197316,3062.40535878529,878.0100318599909,28.67,395.1998948734597,45.01
751197317,1614.05110642026,628.4821640512315,38.94,187.06574330366118,29.76
751197318,564.78702656518,218.4687694297223,38.68,33.08414126240677,15.14
751197388,0.0,0.0,,0.0,
751197401,1481.41417347971,458.63084106866023,30.96,358.62596254352474,78.19
751197402,2648.52619503172,607.3461430069952,22.93,297.9762914226255,49.06
751197403,2008.7785252375,658.5263916300028,32.78,210.96439158914308,32.04
751197404,1684.64317917049,427.908252523506,25.4,191.1387827919413,44.67
751197405,1979.82508951265,612.4620440158437,30.94,251.6576982362393,41.09
751197406,3889.71076374286,1456.4303362695648,37.44,382.1409360613585,26.24
751197407,1963.30898262271,455.8143073189429,23.22,69.9335024452628,15.34
751197408,1903.77860997489,652.1913956228148,34.26,230.1443315077305,35.29
751197409,1606.76689723824,632.5243739523752,39.37,263.9607473782704,41.73
751197410,1626.2327565101,443.462827378415,27.27,48.46204989523473,10.93
751197411,2178.60786962754,735.1109475292119,33.74,151.74488735954196,20.64
751197412,337.202306075379,15.3350481390937,4.55,0.0,0.0
751197413,1821.23301497784,175.49398416522718,9.64,42.6594315487999,24.31
751197488,0.0,0.0,,0.0,
751197501,2003.79227349827,718.374810661605,35.85,196.3495544576218,27.33
751197502,2253.73095732541,689.571332917599,30.6,196.6543414743645,28.52
751197503,1806.62739592874,657.4669456490341,36.39,190.0826298624324,28.91
751197504,1603.84150092641,644.9074369252725,40.21,216.6881978857897,33.6
751197505,1588.04780667797,642.5520462815883,40.46,214.658748951038,33.41
751197506,1667.09567406463,420.63542415465486,25.23,212.03193281469453,50.41
751197507,1553.38189085995,451.2346395228756,29.05,219.0128742956319,48.54
751197508,1902.50391055504,751.41964836812,39.5,294.6637018916949,39.21
751197509,1718.44955546167,772.838039763894,44.97,204.8833630990525,26.51
751197510,1960.98883974751,753.4343279144041,38.42,235.4026620415856,31.24
751197511,1796.57745225235,630.9432655918439,35.12,317.0602384400218,50.25
751197512,1164.77328926924,492.90427813396883,42.32,199.70112672867631,40.52
751197513,1895.14985950669,856.9464401527359,45.22,318.8731435840607,37.21
751197514,2745.33237019643,910.934862053179,33.18,256.4554621485338,28.15
751197515,1960.44305422582,589.5055220018957,30.07,295.0218164894091,50.05
751197516,1245.51509436788,460.4214301476099,36.97,206.6523970573544,44.88
751197517,3259.90686753667,1172.7370957239089,35.97,338.5406998249349,28.87
751197518,2599.16511925778,1025.826317774784,39.47,368.4945057467362,35.92
751197519,1654.53543973272,411.122421465872,24.85,95.8355255066824,23.31
751197520,2658.86649304115,980.040167979162,36.86,303.7157965695478,30.99
751197521,1982.06475990089,557.0883898403898,28.11,272.65541881320974,48.94
751197522,2764.82012173737,835.7145675260069,30.23,366.3733334756484,43.84
751197523,1331.47353316985,434.5641193432352,32.64,214.0457464929202,49.26
751197524,2068.53532441847,781.3946195300109,37.78,385.6364890080952,49.35
751197525,355.345708448011,97.5173360304686,27.44,42.0923890765024,43.16
751197601,2176.08032104886,631.2120617325152,29.01,247.9370297062293,39.28
751197602,4196.61314903518,1402.939502085272,33.43,547.6127007437409,39.03
751197603,2332.21661897182,717.1867980302189,30.75,293.0847856677545,40.87
751197604,2213.61401040651,533.9922517576567,24.12,231.2226172701367,43.3
751197605,2145.41247327039,726.1764175046551,33.85,298.8296318995681,41.15
751197606,1494.46091902665,623.3945544979705,41.71,215.392815747162,34.55
751197607,1479.72221026266,466.5470355913842,31.53,135.8481840618818,29.12
751197608,2355.61538092395,816.2789331569581,34.65,193.19145126328272,23.67
751197609,2790.90997637204,752.3077275349137,26.96,358.3981151053502,47.64
751197610,1369.84555393766,488.30581729997476,35.65,175.6321092294458,35.97
751197611,2379.16713270257,856.771948642772,36.01,387.79619483201304,45.26
751197612,1872.18963203894,690.874899180735,36.9,254.49617264672122,36.84
751197613,2389.30306040869,617.164745988381,25.83,198.6587262065658,32.19
751197614,2012.35180377418,713.2840823788321,35.45,319.6696928255592,44.82
751197615,1994.5351782456,561.270788496844,28.14,230.179929808091,41.01
751197616,1255.91931815481,393.1090199457039,31.3,149.7676055907432,38.1
751197617,0.0,0.0,,0.0,
751207701,1855.5208827341,543.3583654851845,29.28,239.742472844295,44.12
751207702,2087.65234736726,691.5615913814939,33.13,249.4757289844369,36.07
751207703,1754.78243134588,606.0306616589489,34.54,217.0970210389041,35.82
751207704,1910.34903572371,508.899503479605,26.64,208.05693378447708,40.88
751207705,1764.79947820465,677.976149320393,38.42,210.60642900950748,31.06
751207706,1831.83187397822,459.0737003986243,25.06,221.40591206499857,48.23
751207707,2009.70670894134,739.511549908585,36.8,300.4193911033015,40.62
751207708,2401.37191258768,742.8538324355803,30.93,231.82611833878988,31.21
751207709,1247.71831530718,381.4880586894841,30.57,156.3805057045055,40.99
751207710,2320.18546844625,586.8974314285085,25.3,247.9424257268063,42.25
751207711,2943.68613900678,951.4037650520071,32.32,356.61174651903127,37.48
751207712,2255.54646223092,685.8517933689026,30.41,321.3496760302881,46.85
751207713,2051.12654402163,693.578476182828,33.81,311.0838822604197,44.85
751207714,2435.29636500557,804.656842140341,33.04,348.33380341714457,43.29
751207801,3694.79956277483,1219.248758290796,33.0,288.9806618623982,23.7
751207802,3005.71652466831,981.1603569010799,32.64,409.9741438424786,41.78
751207803,1559.77900831155,658.2458979117115,42.2,217.11812225366612,32.98
751207804,1872.5626895897,642.304952379392,34.3,236.7780702872592,36.86
751207805,2654.75530671895,986.2539007698099,37.15,415.002734021554,42.08
751207806,3280.03436245754,1067.401908679964,32.54,435.4326433829136,40.79
751207807,2330.22165475559,737.1183671037691,31.63,299.59040316374217,40.64
751207808,3297.85164333105,1248.842351919876,37.87,429.27084574196795,34.37
751207809,3291.81201500043,1191.272076843653,36.19,448.763162286235,37.67
751207810,1947.46029706038,642.7251711565311,33.0,239.3604553459738,37.24
751207811,1409.87020863405,373.16102217005187,26.47,160.928357959599,43.13
751207812,1561.41483479413,640.3006113043509,41.01,282.5969274666144,44.14
751207813,1980.94137873759,674.7326590919585,34.06,230.2952478824272,34.13
751207814,1788.28158383581,631.325796973128,35.3,295.6183417020476,46.83
751207815,2582.75418382205,931.8586228239769,36.08,487.345268369628,52.3
751207816,2814.48492981779,1119.031244854517,39.76,473.69096384257,42.33
751207901,3211.32934908805,1016.1732697429981,31.64,443.218105357236,43.62
751207902,2078.30384497161,632.1415915929049,30.42,236.2911734829127,37.38
751207903,2131.13176391452,701.544089696847,32.92,311.5029461928479,44.4
751207904,1979.21450288468,669.4094060590919,33.82,327.6755860411003,48.95
751207905,4736.66923653048,1538.4052393680372,32.48,666.8956002743819,43.35
751207906,2049.89854526346,801.633228005146,39.11,291.722175563131,36.39
751207907,2242.6425096591,450.67800566603,20.1,172.1323021350872,38.19
751207908,2561.27137666557,990.3297576907655,38.67,313.64337602839345,31.67
751207909,1724.80502133014,522.4177437173369,30.29,273.9499420089171,52.44
751207910,2426.22107363242,970.663483813527,40.01,406.38504200151567,41.87
751207911,2072.90848111956,718.2546532407557,34.65,339.88636512691016,47.32
751207912,2819.42989796251,1000.7488781439699,35.49,415.75719686871196,41.54
751207913,1723.36723997105,426.8138542357756,24.77,180.0861851528804,42.19
751207914,2028.32870215688,531.267077049368,26.19,271.0834479792246,51.03
751207915,2712.08993405847,710.892849550344,26.21,371.0851132112686,52.2
751207916,2503.07175877572,1023.8057096866679,40.9,467.6672020514293,45.68
751207917,3.99999821414321,1.9999991070716,50.0,0.999999553535802,50.0
751208001,2007.62713380098,898.241592258284,44.74,289.2966948031134,32.21
751208002,1850.09473955666,634.2197241220599,34.28,302.83310054461447,47.75
751208003,2447.72945602161,865.246535652184,35.35,454.7027929530907,52.55
751208004,1570.51410576641,572.0784190083571,36.43,258.2130289610601,45.14
751208005,1455.34118350849,395.8535011779454,27.2,166.091003645155,41.96
751208006,2392.01539967688,763.440381756003,31.92,256.9628633998286,33.66
751208007,2634.13319674643,841.225356703324,31.94,306.2880768792972,36.41
751208008,2119.56467766363,836.9667248343937,39.49,310.1185217732098,37.05
751208009,1457.35557287395,792.500361441906,54.38,401.325852427986,50.64
751208010,1623.24030611553,508.3576445050749,31.32,156.1910670392137,30.72
751208011,1453.03663416265,664.2573501476752,45.72,214.691506237054,32.32
751208012,2461.4252864234,832.620000601533,33.83,213.7238168233149,25.67
751208013,2104.48918702571,514.7238409586614,24.46,193.6516423322973,37.62
751208014,1922.33053079929,568.389604147945,29.57,283.0810765167688,49.8
751208015,2236.77458528412,737.482010929812,32.97,265.8678420105736,36.05
751208016,2156.28780846461,474.40807820217606,22.0,209.8885108947831,44.24
751208017,1954.21395989478,646.0682342523698,33.06,246.0864286780083,38.09
751208018,2149.22264980679,577.6625377229738,26.88,172.7956454920527,29.91
751208019,4175.79753555054,1434.907733439514,34.36,512.6179960303384,35.72
751208020,2223.28410702097,863.8833319690581,38.86,314.8832872439316,36.45
751208021,2791.01297589223,1005.066737859717,36.01,354.7449670646675,35.3
751208022,1456.88258277046,717.257837126618,49.23,150.4008134225353,20.97
751208023,1676.27223419076,491.5952705433698,29.33,210.15536441597402,42.75
751208024,2452.55561513937,959.9033868469351,39.14,481.520731397373,50.16
751208025,2098.29450194731,542.6940897262514,25.86,214.6736799559616,39.56
751208026,1783.74159081606,713.944918036631,40.03,284.4017150226738,39.84
